Name,Team,Position,GP,MPG,FT%,2P%,3P%,TS%,PPG,RPG,APG,SPG,BPG,TOV,ORTG,DRTG
Jabari Smith Jr.,HOU,F,47,34.9,0.764,0.512,0.354,0.55,15.1,6.9,1.9,0.8,1,1.3,118.5,108.6
Alperen Sengun,HOU,C,41,34.1,0.687,0.529,0.293,0.555,21.4,9.4,6.3,1.4,1,3.3,117.2,104.3
Steven Adams,HOU,C,32,22.8,0.58,0.504,0,0.535,5.8,8.6,1.5,0.7,0.6,1.1,124.9,107.4
Kevin Durant,HOU,F,45,36.8,0.886,0.56,0.405,0.631,26.2,5.4,4.6,0.7,0.9,3,124.9,111.4
Amen Thompson,HOU,G-F,48,37.5,0.791,0.549,0.193,0.567,18.1,7.8,5.5,1.5,0.6,2.5,122.4,110.3
Tari Eason,HOU,F,27,24.5,0.633,0.448,0.479,0.578,12,6.3,1.4,1.3,0.6,1.6,116.4,104.7
Reed Sheppard,HOU,G,48,24.6,0.778,0.481,0.384,0.549,12.6,2.5,3,1.4,0.6,1.2,118.5,108.3
Clint Capela,HOU,C,42,11.6,0.556,0.53,0,0.541,3.8,4.6,0.6,0.5,0.8,0.4,127.2,106.5
Josh Okogie,HOU,G,48,20.1,0.627,0.495,0.393,0.563,5.5,3,1,0.9,0.3,0.7,120,109
Luguentz Dort,OKC,G,41,27.8,0.844,0.5,0.36,0.547,8.9,4,1.2,0.9,0.5,0.7,111.7,101.5
Chet Holmgren,OKC,C-F,45,29.2,0.772,0.661,0.358,0.655,17.7,8.6,1.6,0.5,2,1.6,125.6,100.2
Isaiah Hartenstein,OKC,C-F,27,26.2,0.676,0.654,0,0.655,11,10,3.1,1,0.7,2.1,128.2,95.4
Cason Wallace,OKC,G,48,26.3,0.737,0.489,0.367,0.539,7.8,3,2,2.1,0.2,0.9,112,103.3
Shai Gilgeous-Alexander,OKC,G,49,33.3,0.892,0.603,0.39,0.67,31.8,4.4,6.4,1.3,0.8,2.1,134.5,105.8
Jaylin Williams,OKC,F,36,18.7,0.717,0.5,0.302,0.502,5.6,4.9,2.5,0.6,0.6,1,107.6,97.3
Aaron Wiggins,OKC,G,36,23.6,0.744,0.529,0.387,0.574,10.5,3.5,1.8,0.9,0.6,1.3,108.9,105.4
Alex Caruso,OKC,G,33,18.2,0.833,0.612,0.295,0.54,6.1,2.8,2.2,1.4,0.4,0.8,113.3,103.1
Brooks Barnhizer,OKC,G,27,7.2,0.667,0.522,0.167,0.49,1.1,1.6,0.3,0.2,0.1,0.2,110.1,102.1
Ajay Mitchell,OKC,G,43,26.2,0.87,0.545,0.35,0.59,14.1,3.5,3.7,1.4,0.3,1.6,117.8,103.1
Chris Youngblood,OKC,G,31,5,0.9,0.429,0.319,0.514,1.9,0.8,0.3,0.1,0,0.1,115.9,99.8
Jimmy Butler,GOL,F,38,31.1,0.864,0.553,0.376,0.647,20,5.6,4.9,1.4,0.2,1.6,137.2,114.3
Jonathan Kuminga,GOL,F,20,23.8,0.742,0.504,0.321,0.543,12.1,5.9,2.5,0.4,0.3,2.3,103.6,110
Draymond Green,GOL,F,42,26.6,0.7,0.563,0.319,0.53,8.4,5.7,5.2,0.9,0.7,2.7,101.9,103.9
Brandin Podziemski,GOL,G,51,26.8,0.762,0.514,0.385,0.578,12.1,4.6,3.6,1.1,0.2,1.5,115.6,109.6
Stephen Curry,GOL,G,39,31.3,0.931,0.584,0.391,0.636,27.2,3.5,4.8,1.1,0.4,2.8,119.7,112.6
Buddy Hield,GOL,G,44,17.5,0.794,0.6,0.344,0.562,8,2.5,1.5,0.8,0.2,1,109,110.4
Gary Payton II,GOL,G,46,12.6,0.571,0.641,0.28,0.582,4.7,3,1.5,0.5,0.3,0.9,115.1,103.3
Al Horford,GOL,C-F,30,20,1,0.557,0.357,0.559,7.3,4.9,2.3,0.8,1.1,0.9,116.2,108.5
Gui Santos,GOL,F,40,13.1,0.643,0.702,0.381,0.633,4.9,2.6,1.2,0.6,0.3,0.8,118,105.9
Will Richard,GOL,G,46,19.2,0.814,0.67,0.354,0.609,6.8,2.5,1.4,1.2,0.1,0.8,119.7,108.3
Quinten Post,GOL,C,51,17.8,0.833,0.602,0.35,0.566,8,4,1.4,0.5,0.5,0.8,114.2,105.7
Austin Reaves,LAL,G,24,34.7,0.87,0.623,0.36,0.663,26.1,5.2,6,1,0.2,3.2,126.6,113.9
Rui Hachimura,LAL,F,39,29.6,0.723,0.558,0.431,0.61,11.9,3.5,0.8,0.5,0.3,0.8,118.8,117
Deandre Ayton,LAL,C,44,28.4,0.662,0.674,0,0.68,13.5,8.5,0.9,0.7,1,1.4,129.3,110.2
Gabe Vincent,LAL,G,29,19.3,0.909,0.259,0.369,0.512,4.8,0.9,1.3,0.5,0,0.4,110.1,113.8
Luka Doncic,LAL,F-G,41,36,0.779,0.588,0.348,0.616,33.4,7.9,8.7,1.5,0.5,4.2,120.9,110.9
Marcus Smart,LAL,G,40,28.3,0.857,0.533,0.323,0.554,9.6,3,2.8,1.3,0.3,1.8,108,111.3
Jake LaRavia,LAL,F,49,27.2,0.737,0.587,0.329,0.574,9.4,4.2,2,1.4,0.5,1.1,118.6,111.8
Jaxson Hayes,LAL,C-F,41,17.4,0.649,0.774,1,0.771,6.4,3.8,0.8,0.4,0.6,0.5,152.3,108.8
Jarred Vanderbilt,LAL,F,40,19.4,0.634,0.591,0.299,0.55,4.9,5,1.4,0.9,0.3,1,115.4,108.6
Evan Mobley,CLE,C,42,33.4,0.635,0.593,0.304,0.576,17.9,8.8,4,0.9,2,2.1,117.7,109.5
Jaylon Tyson,CLE,G-F,46,27.9,0.767,0.548,0.473,0.634,14,5.5,2.4,0.9,0.4,1.5,123.8,109.3
Jarrett Allen,CLE,C,39,27.1,0.755,0.617,0.111,0.647,14,8,2,1,0.9,1.4,128.6,109.3
Sam Merrill,CLE,G,27,25.6,0.868,0.52,0.459,0.675,13.6,2.3,2.4,0.6,0.1,0.9,132.3,110.6
Donovan Mitchell,CLE,G,47,33.9,0.842,0.573,0.382,0.616,28.8,4.6,5.8,1.5,0.2,3.1,119.7,111.7
Dean Wade,CLE,F-C,42,22.9,0.75,0.635,0.34,0.566,5.8,4.2,1.5,0.8,0.4,0.3,127.5,111.3
Lonzo Ball,CLE,G,35,20.8,0.667,0.448,0.272,0.432,4.6,4,3.9,1.3,0.3,1.5,100.1,110.2
Craig Porter,CLE,G,45,17.8,0.552,0.504,0.385,0.535,4.8,3.5,3.2,1,0.6,0.9,123.4,111.5
Larry Nance Jr.,CLE,F-C,23,13.4,0.6,0.429,0.295,0.442,3.4,2.7,1,0.7,0.2,0.5,103.4,102.7
Tyrese Proctor,CLE,G,37,10.6,0.852,0.443,0.354,0.529,4.9,1.1,1.4,0.4,0,0.6,108.5,108.7
O.G. Anunoby,NYK,F-G,40,32.6,0.797,0.579,0.367,0.605,16.5,5.4,2.3,1.8,0.7,2.1,116.7,108.8
Karl-Anthony Towns,NYK,C-F,47,31.5,0.851,0.51,0.357,0.591,19.8,11.9,2.9,0.9,0.6,2.5,120.7,101.7
Ariel Hukporti,NYK,C,34,8.9,0.696,0.59,0.333,0.624,1.9,2.9,0.5,0.1,0.6,0.6,120.3,99.1
Mikal Bridges,NYK,G-F,50,34.3,0.814,0.593,0.394,0.605,15.9,4.2,4.2,1.5,0.8,1,129.8,112.8
Jalen Brunson,NYK,G,45,34.3,0.853,0.526,0.38,0.59,27.1,3.2,6,0.7,0.1,2.2,123.6,113.1
Guerschon Yabusele,NYK,F,41,8.9,0.667,0.564,0.294,0.499,2.7,2.1,0.4,0.1,0.1,0.4,107.5,107.1
Miles McBride,NYK,G,35,28,0.814,0.462,0.42,0.592,12.9,2.6,2.8,0.9,0.2,0.8,126,113.2
Trey Jemison,NYK,C,8,6,1,0.6,0,0.643,0.9,1.8,0.3,0,0.3,0.5,110,103.5
Landry Shamet,NYK,G,25,20.5,0.75,0.488,0.446,0.646,9.5,1.8,1.2,0.5,0.2,0.4,133.9,113.8
Jordan Clarkson,NYK,G,46,19.3,0.781,0.513,0.33,0.531,9.4,1.8,1.3,0.5,0.1,1,108.3,110.2
Tyler Kolek,NYK,G,43,13.7,0.688,0.479,0.356,0.512,5.1,1.9,3,0.4,0.1,1.1,110.4,107.3
Terance Mann,BRO,G-F,43,25.4,0.823,0.529,0.343,0.561,7.6,3.3,3.4,0.7,0.2,1.1,120.2,112.8
Michael Porter Jr.,BRO,F,39,33.1,0.848,0.573,0.389,0.614,25.5,7.3,3.2,1.1,0.3,2.5,116.4,113.8
Nic Claxton,BRO,C,47,29.3,0.62,0.59,0.167,0.599,12.2,7.3,4,0.7,1.3,1.4,127,112.8
Cam Thomas,BRO,G,24,24.2,0.841,0.445,0.325,0.527,15.6,1.8,3.1,0.2,0.1,2,104.8,120.2
Ben Saraf,BRO,G,18,17.4,0.762,0.386,0.256,0.431,4.6,1.5,2.6,0.8,0.2,1.8,85,116
Ziaire Williams,BRO,F,35,22.9,0.88,0.646,0.311,0.575,9.7,2.5,0.8,1.1,0.5,1,110.5,112.1
Egor Demin,BRO,G,43,24.7,0.857,0.421,0.395,0.567,10.5,3.1,3.3,0.8,0.3,1.8,108,114.9
Day'Ron Sharpe,BRO,C,47,18.4,0.68,0.667,0.226,0.652,8.2,6.6,2.3,1.1,0.4,1.6,125.8,104.6
Noah Clowney,BRO,F-C,44,28.6,0.802,0.518,0.315,0.547,13,4.3,1.9,0.8,0.8,1.8,106.4,112.5
Tyrese Martin,BRO,F,37,18.8,0.731,0.476,0.336,0.507,7.3,2.9,1.9,0.6,0.1,0.9,106.2,118.4
Jalen Wilson,BRO,F,33,14.5,0.75,0.411,0.362,0.534,5.5,1.5,0.6,0.3,0.1,0.5,106.2,114.3
Drake Powell,BRO,G-F,38,18.9,0.913,0.578,0.308,0.571,6.1,1.6,1.6,0.6,0.1,1,109.2,116.2
Nolan Traore,BRO,G,27,19.5,0.793,0.385,0.311,0.456,6,1.4,2.9,0.4,0.4,1.4,94.8,115.5
Kon Knueppel,CHA,G-F,50,32,0.892,0.563,0.425,0.64,18.7,5.5,3.6,0.7,0.2,2.2,123.8,112.1
Miles Bridges,CHA,F,50,32.4,0.836,0.541,0.33,0.563,18.3,6.1,3.5,0.5,0.5,1.4,119.4,112.9
Ryan Kalkbrenner,CHA,C,39,23.4,0.671,0.78,0,0.77,8.6,6.1,0.7,0.5,1.5,1.1,140.7,110.7
Brandon Miller,CHA,F,34,30.3,0.879,0.491,0.366,0.564,20.6,4.7,3.4,0.9,0.9,2.5,111.9,109.7
LaMelo Ball,CHA,G,41,27.4,0.888,0.459,0.363,0.539,19.1,4.9,7.5,1.2,0.2,3.1,113.3,107.6
Collin Sexton,CHA,G,42,22.3,0.877,0.539,0.393,0.619,14.2,1.9,3.7,0.9,0.2,2.1,119.4,111.6
Sion James,CHA,G,51,24.2,0.855,0.414,0.345,0.536,5.7,3.5,1.9,0.5,0.3,0.9,113.9,111.8
Moussa Diabate,CHA,F,47,25.1,0.656,0.639,1,0.662,8.4,8.5,1.6,0.7,1,0.9,141.8,106.3
Tidjane Salaun,CHA,F,31,16,0.7,0.592,0.443,0.642,6.4,4.4,0.8,0.4,0.2,0.8,121.4,106.3
Tre Mann,CHA,G,30,16.3,0.842,0.426,0.328,0.478,7.5,2.3,2.2,0.5,0.1,1.3,99.9,108.3
Andrew Wiggins,MIA,F,47,31.2,0.792,0.517,0.384,0.565,15.6,4.9,2.9,1.2,1,1.8,112.3,110.2
Nikola Jovic,MIA,F,40,18.6,0.705,0.471,0.285,0.493,8.2,3.7,2.4,0.6,0.4,1.6,97.4,107.8
Bam Adebayo,MIA,C-F,44,31.1,0.794,0.49,0.346,0.548,18.1,9.9,2.8,1,0.7,1.8,112.1,108.4
Norman Powell,MIA,G,43,30.7,0.844,0.536,0.392,0.612,23,3.7,2.6,1.2,0.2,2,116.2,110.2
Davion Mitchell,MIA,G,42,28.9,0.636,0.513,0.405,0.559,9,2.5,7.3,1.2,0.1,1.6,119.7,108.8
Jaime Jaquez Jr.,MIA,G,47,28.8,0.75,0.561,0.287,0.573,15.5,5.4,4.7,0.8,0.2,2.2,113.3,109.9
Kel'el Ware,MIA,C,48,22.5,0.794,0.601,0.409,0.625,11.3,9.2,0.6,0.8,1.1,0.9,127.6,105.9
Simone Fontecchio,MIA,F,49,17.3,0.803,0.485,0.368,0.563,8.7,3.3,1.6,0.4,0.2,0.8,114.1,108
Dru Smith,MIA,G,51,17.4,0.839,0.484,0.313,0.537,6.4,2.6,2.8,1.5,0.3,0.9,117,105.6
Pelle Larsson,MIA,G,44,24.2,0.767,0.594,0.333,0.6,10.5,3.3,3.3,0.7,0.2,1.1,122.8,110.5
Franz Wagner,ORL,F,26,32.8,0.826,0.521,0.368,0.593,22.2,6.1,3.6,1.1,0.3,1.8,120.9,111.5
Paolo Banchero,ORL,F,39,34.4,0.766,0.507,0.301,0.562,21.6,8.6,4.8,0.7,0.6,2.8,112.1,111.1
Wendell Carter Jr.,ORL,C-F,47,29.8,0.781,0.606,0.346,0.612,12.1,7.3,2.1,0.7,0.7,1.2,125.5,105.6
Desmond Bane,ORL,G,49,34,0.936,0.515,0.362,0.575,19.2,4.3,4.3,0.8,0.5,2.1,115.7,111
Jalen Suggs,ORL,G,29,26,0.861,0.582,0.316,0.569,14.3,3.8,5,1.7,0.5,2.6,109.8,105.3
Tyus Jones,ORL,G,48,15.7,1,0.429,0.294,0.448,3,1.1,2.4,0.7,0.1,0.3,113.8,117
Jonathan Isaac,ORL,F,41,10.4,0.625,0.586,0.206,0.526,2.9,2.6,0.4,0.4,0.6,0.4,112.8,109
Anthony Black,ORL,G,49,31.1,0.742,0.525,0.345,0.559,15.8,4.1,4,1.3,0.7,2.3,109.2,109.7
Goga Bitadze,ORL,C-F,41,16.2,0.731,0.715,0.2,0.706,5.9,5.1,1.2,0.7,1.2,0.5,147.6,102.6
Tristan da Silva,ORL,F,44,22.7,0.842,0.494,0.371,0.546,8.9,3.3,1.2,0.9,0.2,0.9,108.3,113.3
Brandon Ingram,TOR,F,49,34.1,0.836,0.515,0.358,0.566,21.9,5.9,3.7,0.8,0.8,2.6,109.1,111.6
Scottie Barnes,TOR,F-G,50,34.5,0.816,0.551,0.306,0.574,19.3,8.3,5.5,1.3,1.6,2.7,115.4,106.7
Jakob Poeltl,TOR,C,21,25.3,0.596,0.693,0,0.691,9.7,7.7,2.1,0.8,0.5,1.6,128.4,101.9
RJ Barrett,TOR,F-G,28,29.4,0.705,0.571,0.333,0.577,18.8,5.2,3.6,0.8,0.2,1.6,115.4,108.9
Immanuel Quickley,TOR,G,48,32.5,0.805,0.513,0.37,0.572,16.8,4.5,6.1,1.3,0.1,1.7,118.9,110.6
Ochai Agbaji,TOR,G,42,15.5,0.862,0.571,0.185,0.495,4.3,2.3,0.7,0.4,0.3,0.5,106.6,106.5
Sandro Mamukelashvili,TOR,F-C,49,22.5,0.75,0.65,0.374,0.634,11.2,5.1,2,0.7,0.6,0.9,127,107.2
Gradey Dick,TOR,G-F,51,16.2,0.862,0.543,0.313,0.548,6.5,2.2,0.7,0.6,0.1,0.5,110.9,108.6
Jamal Shead,TOR,G,51,22.3,0.767,0.417,0.33,0.496,7,1.9,5.5,1,0.1,1.3,111.7,109
Jonathan Mogbo,TOR,F,21,6.6,0.4,0.5,0,0.497,1.4,1.8,0.5,0.1,0.2,0.3,108.8,106.4
Jamison Battle,TOR,F,36,8.5,0.667,0.657,0.449,0.671,3.3,1.4,0.4,0.1,0.1,0.4,118.5,108.5
Zaccharie Risacher,ATL,F,38,24.5,0.618,0.557,0.358,0.557,11,3.4,1.4,0.9,0.5,0.9,108.3,111.8
Jalen Johnson,ATL,F,47,35.6,0.775,0.554,0.362,0.592,23.2,10.5,8,1.3,0.5,3.5,116.4,110.5
Kristaps Porzingis,ATL,F-C,17,24.3,0.84,0.524,0.36,0.592,17.1,5.1,2.7,0.5,1.3,0.9,122.6,106.2
Dyson Daniels,ATL,G,50,33.8,0.619,0.557,0.127,0.519,11.4,6.5,6.3,1.9,0.4,2,114.7,112.5
Trae Young,ATL,G,10,28,0.863,0.5,0.305,0.577,19.3,1.5,8.9,1,0.1,2.6,120.1,115.4
Nickeil Alexander-Walker,ATL,G,50,33,0.875,0.501,0.38,0.582,20.3,3.5,3.5,1.1,0.6,2,111.6,115.1
Keaton Wallace,ATL,G,40,11.1,0.545,0.442,0.405,0.547,3.9,1.2,2,0.5,0.1,0.6,112.1,111.8
Luke Kennard,ATL,G,46,20.5,0.914,0.604,0.497,0.713,7.9,2.2,2.1,0.7,0.1,0.7,133.5,116.1
Onyeka Okongwu,ATL,F-C,47,32,0.781,0.57,0.367,0.59,16.3,7.9,3.3,1.2,1,2,115,106.9
Mouhamed Gueye,ATL,F,50,16.5,0.62,0.561,0.272,0.515,4.9,3.6,1,0.9,0.6,0.5,112.2,107.4
Kelly Oubre Jr.,PHI,F-G,28,32.2,0.73,0.58,0.377,0.598,14.2,4.6,1.5,1.1,0.6,1.3,116.6,110.9
Dominick Barlow,PHI,F,40,23.9,0.8,0.633,0.293,0.623,8.4,5.1,1.3,1,0.6,0.8,132.5,109.9
Joel Embiid,PHI,C-F,29,31,0.854,0.54,0.298,0.597,26.1,7.4,3.8,0.7,1.1,3,118.5,110.9
VJ Edgecombe,PHI,G,46,35.6,0.771,0.479,0.36,0.533,15.1,5.3,4.3,1.5,0.5,1.8,113.4,110.1
Tyrese Maxey,PHI,G,48,38.9,0.889,0.527,0.39,0.6,28.9,4.2,6.8,2,0.8,2.4,123.5,113.1
Quentin Grimes,PHI,G,46,30,0.861,0.563,0.344,0.591,13,3.8,3.7,1,0.4,1.9,116.7,112.9
Adem Bona,PHI,F,41,16.3,0.652,0.588,0.4,0.621,4.1,4,0.2,0.3,1.4,0.7,123.3,105.6
Jabari Walker,PHI,F,45,12.1,0.727,0.506,0.27,0.505,3.7,3.1,0.5,0.4,0.2,0.4,114.8,103.7
Justin Edwards,PHI,F,37,14.2,0.895,0.5,0.337,0.529,4.7,1.5,1.1,0.6,0.2,0.6,109.7,109
Andre Drummond,PHI,C,38,19.8,0.629,0.538,0.367,0.561,6.9,8.8,0.8,0.6,0.9,1,123.9,104
Jaylen Brown,BOS,G-F,46,34.4,0.775,0.53,0.363,0.576,29.5,7,4.8,1,0.4,3.6,114.1,108
Sam Hauser,BOS,F,49,23.9,0.917,0.529,0.395,0.59,9.2,3.8,1.4,0.6,0.3,0.6,124.6,112.3
Neemias Queta,BOS,C,47,25.1,0.657,0.646,0,0.651,10.1,8.1,1.5,0.9,1.3,1,135.8,102.4
Payton Pritchard,BOS,G,49,32.6,0.859,0.579,0.349,0.574,16.9,4.3,5.3,0.7,0.1,1.1,128.3,115.5
Derrick White,BOS,G,48,34.1,0.893,0.485,0.32,0.521,17.1,4.6,5.5,1.2,1.4,1.9,115.6,114.2
Xavier Tillman,BOS,F,13,8.4,0,0.688,0.214,0.517,2.4,1.9,0.4,0.5,0.2,0.4,110.9,107.8
Josh Minott,BOS,F,32,16.2,0.769,0.593,0.447,0.656,6,3.6,1,0.8,0.3,0.6,134.7,106.1
Anfernee Simons,BOS,G,49,24.5,0.889,0.502,0.395,0.579,14.2,2.4,2.4,0.6,0.1,1.1,119.3,113.7
Chris Boucher,BOS,F,9,10.5,0.75,0.6,0.133,0.392,2.3,2,0.3,0.6,0.8,0.1,94.4,94.6
Luka Garza,BOS,C,41,16.7,0.8,0.647,0.476,0.701,7.9,4.3,1.1,0.4,0.5,0.5,151.8,102.9
Ausar Thompson,DET,G-F,45,25.7,0.576,0.524,0.3,0.538,10.6,6,2.7,1.8,0.8,1.4,114.2,100.6
Tobias Harris,DET,F,34,27.7,0.879,0.52,0.353,0.571,13.5,4.6,2.5,0.9,0.2,1.1,119.9,108.1
Jalen Duren,DET,C,42,28.2,0.731,0.634,0,0.669,18,10.7,1.8,0.9,0.8,1.9,131.2,100.4
Duncan Robinson,DET,F,47,28.5,0.734,0.558,0.401,0.606,12,2.7,1.8,0.7,0.3,0.7,124.4,109.5
Cade Cunningham,DET,G,43,35.2,0.809,0.519,0.324,0.566,25.3,5.5,9.8,1.5,0.9,3.7,117.8,105.1
Isaiah Stewart,DET,F-C,45,23.4,0.75,0.631,0.324,0.617,10.2,5.4,1.2,0.3,1.8,1.1,122.5,101.6
Caris LeVert,DET,G,32,19.7,0.679,0.523,0.33,0.536,7.8,1.8,2.8,0.9,0.7,1.4,107.5,108.4
Ronald Holland II,DET,F,47,20.6,0.791,0.519,0.238,0.505,8.1,4.2,1.4,1.4,0.4,1.4,101.9,100.9
Paul Reed,DET,F,34,11.6,0.563,0.632,0.35,0.619,5.5,4.2,1.2,0.9,0.6,1,121,96.8
Javonte Green,DET,G,49,18.7,0.797,0.553,0.368,0.594,7.1,2.8,0.8,1.3,0.3,0.6,121,105.6
Isaac Okoro,CHI,F-G,43,25.7,0.761,0.581,0.341,0.578,8.7,2.7,1.5,0.6,0.5,0.6,119.7,113.7
Matas Buzelis,CHI,F,51,28.2,0.774,0.571,0.366,0.592,14.9,5.3,2,0.6,1.5,1.8,110.9,112.3
Nikola Vucevic,CHI,C,48,30.8,0.838,0.568,0.376,0.585,16.9,9,3.8,0.7,0.6,1.4,120.4,112.7
Tre Jones,CHI,G,38,26.9,0.848,0.609,0.328,0.648,12.4,3,5.8,1.3,0.2,1.4,134.2,116.4
Josh Giddey,CHI,G,34,32.1,0.775,0.511,0.366,0.575,18.6,8.6,8.8,0.9,0.3,3.6,114.8,113.7
Kevin Huerter,CHI,G-F,44,23.6,0.732,0.63,0.314,0.559,10.9,3.8,2.6,0.8,0.6,1.1,110.8,112.5
Ayo Dosunmu,CHI,G,45,26.4,0.857,0.556,0.451,0.636,15,3,3.6,0.8,0.3,1.4,124.4,116.2
Patrick Williams,CHI,F,47,18.7,0.702,0.377,0.382,0.502,6.7,3,1.2,0.6,0.3,1,98.9,114.2
Jalen Smith,CHI,F-C,42,20.1,0.725,0.603,0.386,0.61,10.1,6.9,1.3,0.4,0.8,1,121.8,108.3
Dalen Terry,CHI,F,34,11.1,0.529,0.464,0.413,0.539,3.5,1.9,1.3,0.6,0.3,0.6,109.2,111
Trey Murphy III,NOR,F,48,35.8,0.892,0.587,0.36,0.606,21.6,5.8,3.6,1.5,0.3,1.8,121.6,116.8
Zion Williamson,NOR,F,36,29.4,0.701,0.58,0,0.622,21.4,6.3,3.4,1,0.7,2.3,122.7,114.9
Yves Missi,NOR,C,44,19.1,0.559,0.543,0,0.551,5.6,5.7,1.2,0.3,1.4,0.8,124.8,113.8
Herbert Jones,NOR,F,29,28.5,0.806,0.476,0.32,0.504,9.3,3.6,2.5,1.6,0.5,1.2,106.1,111.5
Jordan Poole,NOR,G,28,25.4,0.876,0.425,0.336,0.533,14.5,1.8,3.1,0.7,0.3,1.9,106.2,116
Saddiq Bey,NOR,G-F,45,30.3,0.836,0.52,0.343,0.57,16.3,5.8,2.4,1,0,0.6,125.5,119.8
Hunter Dickinson,NOR,C,1,4.7,0,0.5,0,0.5,2,0,0,0,1,2,42.9,82.8
Jordan Hawkins,NOR,G,35,14.1,0.778,0.342,0.301,0.424,4.3,1.8,0.7,0.2,0.2,0.6,89.4,120.9
Jeremiah Fears,NOR,G,52,25.5,0.814,0.472,0.319,0.515,13.3,3.6,2.9,1.3,0.3,2.2,101,116
Derik Queen,NOR,C,51,25.9,0.794,0.516,0.217,0.551,12.3,7.4,4.3,1.1,0.9,2.5,109,108.4
Kentavious Caldwell-Pope,MEM,G,47,21,0.913,0.494,0.317,0.532,8.1,2.4,2.8,0.8,0.2,1.2,109.3,114.2
Jaren Jackson Jr.,MEM,F-C,45,30.7,0.797,0.531,0.359,0.574,19.2,5.8,1.9,1,1.5,2.2,108,104.8
Jock Landale,MEM,C,45,23.6,0.674,0.581,0.38,0.594,11.3,6.5,1.7,0.6,0.5,1,125.4,108.8
Jaylen Wells,MEM,F,48,26.9,0.778,0.487,0.328,0.53,11.9,3.5,1.7,0.9,0.1,1.1,108.2,111.5
Ja Morant,MEM,G,20,28.4,0.897,0.473,0.235,0.521,19.5,3.3,8.1,1,0.3,3.6,107.1,112.3
Olivier-Maxence Prosper,MEM,F,25,12,0.906,0.566,0.364,0.625,5,2.5,0.7,0.2,0.2,0.7,120.1,112.7
Santi Aldama,MEM,F-C,42,28,0.673,0.574,0.351,0.573,14,6.7,3,0.9,0.7,1.3,117.8,111.5
Javon Small,MEM,G,16,12.9,0.737,0.375,0.343,0.491,4.6,1.5,3.4,0.3,0.1,1.2,107.2,111.1
Cedric Coward,MEM,G,45,26.7,0.849,0.556,0.345,0.581,13.8,6.2,2.9,0.5,0.4,1.8,114.6,110.2
Cam Spencer,MEM,G,47,24.1,0.927,0.51,0.459,0.664,11.7,2.7,5.6,0.7,0.1,1.5,132.6,113.6
John Konchar,MEM,G,30,14.5,0.615,0.75,0.333,0.619,3.2,3.1,1.3,1,0.4,0.5,126.3,108.4
Khris Middleton,WAS,F,34,24.3,0.841,0.483,0.333,0.531,10.3,3.9,3.3,0.8,0.3,1.7,107.7,114.9
Kyshawn George,WAS,F,40,30.9,0.783,0.502,0.376,0.561,15.3,5.6,5,1.1,0.9,2.9,107.6,111.1
Alexandre Sarr,WAS,C,39,28.5,0.702,0.539,0.333,0.556,17.4,7.7,2.8,0.8,2.1,1.7,114,116.5
CJ McCollum,WAS,G,35,30.9,0.804,0.505,0.393,0.573,18.8,3.5,3.6,0.7,0.3,1.7,115,120.6
Bub Carrington,WAS,G,49,28.3,0.75,0.39,0.405,0.545,10.1,3.7,4.6,0.6,0.2,2.4,103.8,118.5
Marvin Bagley III,WAS,F,38,19.2,0.711,0.643,0.421,0.667,10.1,5.7,1.5,0.5,0.7,1.2,131.5,113.4
Tre Johnson,WAS,G,39,25.1,0.894,0.5,0.393,0.577,13,2.7,2.2,0.6,0.3,1.4,111.5,120.2
Cam Whitmore,WAS,F,21,16.9,0.742,0.54,0.286,0.528,9.2,2.8,0.7,0.7,0.4,0.9,105.1,118.6
Corey Kispert,WAS,F,19,19.5,0.765,0.674,0.395,0.649,9.2,2.3,1.7,0.4,0.2,0.7,126.8,121.8
Justin Champagnie,WAS,G-F,46,19.1,0.695,0.611,0.301,0.575,7.2,5.6,1.1,0.8,0.6,0.6,124.6,114.3
Will Riley,WAS,F,41,15.2,0.807,0.469,0.319,0.518,6.2,2.1,1.3,0.5,0.1,0.9,107.2,122
AJ Johnson,WAS,G,25,8.6,0.75,0.345,0.28,0.396,2.8,1.2,0.9,0.3,0,0.7,82.8,119.3
Tristan Vukcevic,WAS,F,30,11.4,0.764,0.617,0.2,0.557,6.9,2.4,1,0.3,0.7,1,107.3,113.6
Anthony Gill,WAS,F,25,5.9,1,0.636,0.429,0.673,1.7,1.4,0.1,0.2,0.2,0.4,116.9,114.7
Sharife Cooper,WAS,G,8,8,0.5,0.5,0.333,0.503,2.4,1.6,0.9,0.1,0.1,0.8,93.1,113.9
Gary Trent Jr.,MIL,G,44,24.1,0.795,0.419,0.363,0.531,8.4,1.2,1.5,0.6,0.1,0.6,106.5,118.8
Giannis Antetokounmpo,MIL,F,30,29.2,0.658,0.666,0.395,0.679,28,10,5.6,0.9,0.7,3.3,128.3,108.2
Myles Turner,MIL,C-F,46,28.6,0.777,0.495,0.391,0.586,12.9,5.5,1.6,0.7,1.6,1.1,116.1,111.1
A.J. Green,MIL,G,44,29.7,0.774,0.514,0.432,0.644,10.2,2.6,2,0.6,0.1,0.8,120.7,115.2
Kevin Porter Jr.,MIL,G-F,23,33.6,0.845,0.49,0.358,0.563,16.8,5,7.4,2.1,0.4,3.3,111.5,113.2
Kyle Kuzma,MIL,F,46,26.8,0.725,0.558,0.328,0.572,13.2,4.9,2.5,0.7,0.5,1.5,112,113
Bobby Portis,MIL,F,47,24.5,0.711,0.5,0.452,0.576,13.2,6.7,1.7,0.6,0.2,1,113.8,112
Ryan Rollins,MIL,G,48,31.8,0.755,0.503,0.409,0.568,16.6,4.6,5.6,1.5,0.4,2.3,113.3,112
Cole Anthony,MIL,G,35,15,0.615,0.478,0.306,0.483,6.7,2.5,3.5,0.6,0.3,1.9,96,105.7
Taurean Prince,MIL,F,8,21.1,1,0.5,0.429,0.623,6.1,1.6,1,0.8,0.3,0.6,113.3,110.2
Amir Coffey,MIL,G-F,29,8.3,0.929,0.56,0.227,0.527,1.9,0.7,0.3,0.1,0.1,0.1,113,119.9
Jericho Sims,MIL,C,34,13.8,0.6,0.821,0,0.807,3,3.6,0.6,0.2,0.2,1,123.7,108.2
Gary Harris,MIL,G,35,14.8,0.889,0.5,0.476,0.653,2.7,1.5,1.1,0.6,0.1,0.4,126,114.2
Andre Jackson Jr.,MIL,G,23,6.6,0.9,0.375,0.192,0.388,1.6,0.8,1,0.3,0.1,0.3,96.8,106.9
Thanasis Antetokounmpo,MIL,F,17,2.9,0.545,0.571,0,0.554,1.3,0.6,0.1,0.4,0.2,0.2,0,0
Derrick Jones Jr.,LAC,F,17,24.2,0.774,0.694,0.4,0.674,10.4,2.6,1.2,0.8,1.1,0.8,130.1,113.4
Kawhi Leonard,LAC,F,36,32.9,0.913,0.557,0.391,0.625,27.6,6.1,3.6,2.1,0.6,2.1,123.8,114.1
Ivica Zubac,LAC,C,43,30.9,0.705,0.613,0,0.635,14.4,11,2.2,0.4,0.8,1.9,126.6,109.5
Bradley Beal,LAC,G,6,20.2,0.75,0.379,0.368,0.476,8.2,0.8,1.7,0.5,0,1.5,92.4,112
James Harden,LAC,G,44,35.4,0.901,0.492,0.347,0.598,25.4,4.8,8.1,1.3,0.4,3.7,119.8,115.3
John Collins,LAC,F-C,46,27.6,0.771,0.629,0.429,0.656,13.5,5,1,0.8,0.8,1.3,123,110.1
Kris Dunn,LAC,G,49,27.3,0.8,0.574,0.357,0.582,7.8,2.9,3.2,1.5,0.2,1.4,116.5,111.6
Brook Lopez,LAC,C,42,17.2,0.867,0.457,0.341,0.521,6.5,2.6,0.9,0.5,1,0.8,102.3,109.8
Chris Paul,LAC,G,16,14.2,0.5,0.308,0.333,0.413,2.9,1.8,3.3,0.7,0,1,102,109.9
Nicolas Batum,LAC,G-F,48,20,0.818,0.444,0.39,0.587,4.5,2.7,0.8,0.8,0.4,0.6,111.7,112.1
Cam Christie,LAC,G,34,10.1,0.75,0.492,0.282,0.523,3.6,1.7,0.6,0.2,0.1,0.4,108.1,116.3
Kobe Sanders,LAC,G,41,21.6,0.829,0.516,0.398,0.582,7.2,2.5,1.6,0.6,0.1,1.3,107.1,111.3
Kobe Brown,LAC,F,33,8.7,0.808,0.545,0.239,0.498,2.7,1.6,0.8,0.3,0.1,0.4,112.6,115.5
Yanic Konan Niederhauser,LAC,C,29,8.1,0.656,0.685,0,0.668,3.3,2,0.3,0.1,0.4,0.4,127.2,105.2
Lauri Markkanen,UTA,F-C,37,35.5,0.888,0.558,0.357,0.61,27.4,7,2.2,1,0.5,1.5,122.8,121.3
Kyle Filipowski,UTA,C,50,22.3,0.694,0.559,0.333,0.567,9.5,6.4,2.1,0.8,0.4,1.3,113.6,110.5
Walker Kessler,UTA,C,5,30.8,0.7,0.69,0.75,0.786,14.4,10.8,3,1.4,1.8,3.2,130.2,108.5
Svi Mykhailiuk,UTA,G-F,43,24,0.92,0.631,0.385,0.612,8.8,2.5,1.9,0.5,0.1,0.8,119.4,123.2
Keyonte George,UTA,G,47,34.4,0.893,0.517,0.377,0.614,24.2,3.9,6.6,1.1,0.3,3.3,118.1,120.6
Brice Sensabaugh,UTA,F,48,21.4,0.867,0.59,0.339,0.586,12.1,2.9,1.6,0.7,0.1,1.2,112.7,118.9
Ace Bailey,UTA,F,44,25.4,0.705,0.531,0.349,0.54,11.3,3.6,1.6,0.8,0.5,1.2,107.2,117.6
Taylor Hendricks,UTA,F,33,14.9,0.719,0.586,0.343,0.574,4.9,3,0.7,0.4,0.2,0.6,114,118.2
Jusuf Nurkic,UTA,C,38,26.5,0.561,0.536,0.358,0.549,11.2,10.2,4.9,1.3,0.5,2.5,111.2,108.1
Walter Clayton Jr.,UTA,G,45,18,0.935,0.513,0.308,0.54,6.8,2,3.2,0.5,0.3,1.3,109.6,118
Cody Williams,UTA,F,37,19,0.621,0.597,0.246,0.537,6,2.2,0.9,0.5,0.4,0.6,109.3,119
Julian Champagnie,SAN,F,49,28.6,0.844,0.598,0.375,0.606,11.6,6.1,1.4,0.8,0.4,1,120.2,108.5
Harrison Barnes,SAN,F,49,28,0.859,0.547,0.365,0.584,10.5,2.9,2.1,0.7,0.1,0.9,119.5,112.9
Victor Wembanyama,SAN,F-C,35,28.9,0.827,0.567,0.355,0.618,24.1,11,2.7,0.9,2.7,2.7,118.3,99.9
Devin Vassell,SAN,G-F,36,31.3,0.836,0.497,0.369,0.558,14.6,3.8,2.3,0.9,0.4,0.9,114.6,110
Stephon Castle,SAN,G,39,31.1,0.72,0.524,0.284,0.552,16.5,5,7.1,1.3,0.3,3.4,110.3,103.7
Luke Kornet,SAN,C-F,40,23.7,0.793,0.654,0,0.695,7.6,6.7,2,0.5,1.3,0.5,157.3,106.7
Keldon Johnson,SAN,F-G,49,24,0.785,0.632,0.388,0.646,13.4,6,1.4,0.7,0.1,0.9,130.3,105.7
Dylan Harper,SAN,G,39,21.4,0.737,0.531,0.248,0.517,10.7,3.3,3.5,0.9,0.3,1.4,108.1,106.1
Jordan McLaughlin,SAN,G,21,5.7,0.8,0.471,0.368,0.537,2,0.6,0.8,0.5,0,0.4,107.7,107.1
Carter Bryant,SAN,F,38,8.3,0.786,0.429,0.278,0.449,2.6,1.7,0.2,0.2,0.1,0.3,94.6,105.6
Bismack Biyombo,SAN,C,12,5.4,0.5,0.667,0,0.654,0.8,0.6,0.3,0.3,0.1,0.3,106.3,100.1
Harrison Ingram,SAN,F,4,3.2,0,0.667,1,0.875,1.8,0.8,0,0,0,0,0,0
David Jones Garcia,SAN,F,11,6.2,0.5,0.5,0.6,0.579,2.9,1.2,1.6,0.5,0.1,0.5,123.8,102.9
Riley Minix,SAN,F,3,2.8,0,1,0.333,0.75,3,0.7,0.3,0.3,0,0,0,0
P.J. Washington,DAL,F,36,30.9,0.664,0.519,0.301,0.524,14.2,7.1,1.9,1.1,1.4,2.1,100.4,107.9
Anthony Davis,DAL,F-C,20,31.3,0.728,0.535,0.27,0.551,20.4,11.1,2.8,1.1,1.7,2.1,111.8,106.5
Dereck Lively II,DAL,C,7,16.5,0.8,0.611,0,0.67,4.3,5.3,1.9,0.6,1.6,1.4,122.1,96
Klay Thompson,DAL,G,46,22.2,0.706,0.409,0.379,0.533,11.6,2.5,1.4,0.5,0.3,0.9,103.7,114.2
Cooper Flagg,DAL,F,46,34.1,0.802,0.539,0.294,0.562,20.1,6.7,4.2,1.2,0.8,2.2,112.1,109.5
Naji Marshall,DAL,F,49,29.4,0.772,0.62,0.3,0.616,14.5,5,2.9,1,0.1,1.4,121.8,110.1
Max Christie,DAL,G,46,29.5,0.864,0.514,0.434,0.629,13.1,3.4,2.2,0.5,0.3,1.1,119.4,114
D'Angelo Russell,DAL,G,26,19,0.717,0.508,0.295,0.511,10.2,2.3,4,0.5,0.1,1.9,101.8,112.3
Ryan Nembhard,DAL,G,37,18.8,0.769,0.47,0.376,0.513,6.7,1.8,4.8,0.2,0,1.5,107.3,112.4
Dwight Powell,DAL,F-C,36,14.6,0.65,0.643,0,0.665,3.1,3.9,1,0.5,0.3,0.5,139.1,101.9
Brandon Williams,DAL,G,43,21.9,0.784,0.549,0.21,0.553,12.6,2.9,3.6,1,0.2,1.9,108.4,109.3
Jaden Hardy,DAL,G,34,12.6,0.775,0.457,0.371,0.551,6.9,1.4,0.9,0.3,0.1,0.8,104.6,110
Caleb Martin,DAL,F,43,13.4,0.613,0.466,0.343,0.501,3.2,2.4,1.6,0.7,0.3,0.6,106.5,105
Moussa Cisse,DAL,C,29,12,0.482,0.627,0,0.606,3.8,4.4,0.2,0.3,1.1,0.8,120,99
DeMar DeRozan,SAC,G-F,51,33.1,0.866,0.536,0.343,0.602,19.2,3.2,3.9,1.2,0.2,1.2,124.9,119
Nique Clifford,SAC,G,47,19.8,0.682,0.465,0.306,0.485,5.7,3,1.3,0.6,0.3,1.1,96.6,115
Drew Eubanks,SAC,F-C,31,13.7,0.558,0.617,0.25,0.612,5.1,2.7,0.3,0.4,0.6,0.8,109.2,114.2
Zach LaVine,SAC,G,37,32,0.875,0.56,0.395,0.618,19.8,2.8,2.3,0.7,0.2,2,114.4,119.7
Dennis Schroder,SAC,G,40,26.4,0.82,0.449,0.343,0.531,12.8,3.1,5.3,0.8,0.2,2,109.7,119.2
Maxime Raynaud,SAC,C,43,23.1,0.729,0.577,0.306,0.587,9.6,6.5,1,0.4,0.5,1,116.8,111.2
Malik Monk,SAC,G,41,22.3,0.871,0.454,0.415,0.566,12.2,2.1,2.5,0.7,0.4,1.4,109,118.7
Dario Saric,SAC,F-C,5,8.3,1,0,0.333,0.363,1,1.2,0.4,0,0,0.4,77.7,119
Russell Westbrook,SAC,G,48,29.6,0.703,0.497,0.35,0.535,15.4,5.9,6.7,1.4,0.2,3.4,105,113.8
Keon Ellis,SAC,G,43,17.6,0.625,0.462,0.368,0.536,5.6,1.3,0.6,1.1,0.5,0.5,105.7,115.7
Dylan Cardwell,SAC,C,24,19.8,0.531,0.608,0,0.601,4.7,7,1.1,0.7,1.7,0.8,130.8,100.5
Dillon Brooks,PHO,G-F,45,31,0.858,0.495,0.358,0.554,20.9,3.6,1.8,1.1,0.2,1.8,110.5,107.9
Ryan Dunn,PHO,F,44,19.8,0.643,0.533,0.321,0.521,6.1,4.2,1.6,0.9,0.4,1,112,105.3
Oso Ighodaro,PHO,F,51,20,0.493,0.619,0,0.609,5.5,4.5,1.8,0.9,0.6,1.3,114.8,102.7
Grayson Allen,PHO,G,34,30.2,0.838,0.52,0.368,0.578,16.9,3,4,1.4,0.3,1.6,119.8,111.6
Devin Booker,PHO,G,41,34,0.864,0.517,0.313,0.58,25.4,4,6.2,0.9,0.3,3.3,117.4,111.9
Collin Gillespie,PHO,G,50,28.3,0.846,0.464,0.435,0.608,13.8,4.1,4.7,1.4,0.2,1.7,124.7,112.6
Mark Williams,PHO,C,46,24.1,0.778,0.658,1,0.695,12.3,8.1,1.1,1,1,1.1,139.6,104.8
Royce O'Neale,PHO,F,51,29.5,0.679,0.512,0.402,0.59,10.2,4.9,2.9,1.2,0.3,1.5,114.8,109.6
Nigel Hayes-Davis,PHO,F,27,7.2,0.5,0.433,0.125,0.356,1.3,1.2,0.3,0.3,0.1,0.3,83.9,110.1
Nick Richards,PHO,C,28,9.1,0.679,0.493,0,0.534,3.2,3.3,0.3,0.1,0.5,0.9,101.3,99.1
Jaden McDaniels,MIN,F,49,32.2,0.851,0.549,0.456,0.625,15.2,4.4,2.9,1,0.9,1.8,121,107.3
Julius Randle,MIN,F-C,51,33.4,0.824,0.56,0.331,0.6,22.2,6.9,5.4,1.2,0.2,2.6,121.6,107.6
Rudy Gobert,MIN,C,49,31.3,0.5,0.707,0,0.674,10.7,11.3,1.7,0.7,1.7,1.3,136.9,105.3
Anthony Edwards,MIN,G,41,35.4,0.795,0.554,0.407,0.621,29.7,5.2,3.7,1.3,0.8,2.7,119.4,111.7
Donte DiVincenzo,MIN,G,51,31.5,0.759,0.515,0.388,0.583,13.4,4.5,4.2,1.4,0.5,1.5,120.5,108.9
Naz Reid,MIN,C-F,51,26.4,0.756,0.573,0.393,0.597,14.6,6.4,2.5,1,0.9,1.6,115.7,104.8
Terrence Shannon Jr.,MIN,G-F,22,12.8,0.778,0.386,0.405,0.538,4.5,1.3,0.6,0.3,0,0.7,103.7,108.5
Mike Conley,MIN,G,44,18.5,0.891,0.326,0.321,0.502,4.4,1.8,2.9,0.6,0.3,0.6,118.1,110.7
Jaylen Clark,MIN,G,48,14,0.667,0.533,0.277,0.52,3.9,1.9,0.6,0.7,0.2,0.3,116.7,106.8
Deni Avdija,POR,F,44,34.6,0.8,0.534,0.356,0.609,25.5,7.2,6.7,0.8,0.6,3.9,119.7,111.3
Toumani Camara,POR,F,51,33.8,0.705,0.582,0.353,0.564,12.9,5.3,2.6,1,0.5,2,112,111.3
Donovan Clingan,POR,C,47,27.3,0.67,0.637,0.312,0.597,11.2,11.2,2,0.5,1.4,1,133.3,108.5
Shaedon Sharpe,POR,G,47,30.3,0.781,0.519,0.341,0.55,21.8,4.5,2.6,1.4,0.1,3,105.7,113.2
Jrue Holiday,POR,G,22,28.2,0.769,0.518,0.348,0.541,14.4,4.5,6.5,1.4,0.1,2.6,114.4,114.3
Jerami Grant,POR,F,35,29,0.83,0.486,0.368,0.593,18.7,3.5,2.5,0.7,0.7,2.1,117.9,112.6
Yang Hansen,POR,C,29,8.1,0.944,0.395,0.152,0.393,2.3,1.7,0.7,0.1,0.3,0.9,82.1,106.6
Blake Wesley,POR,G,8,17.1,0.545,0.5,0.333,0.512,6.4,2.3,3.4,1.4,0.1,1.4,108,105.7
Kris Murray,POR,F,34,25.7,0.738,0.598,0.256,0.535,6.1,4,1.2,1.2,0.4,0.9,114.8,113
Matisse Thybulle,POR,G-F,4,12.2,1,0.5,0.667,0.85,5,1,0.8,2.5,0,0.3,164.4,97.8
Bones Hyland,MIN,G,42,14.2,0.683,0.58,0.36,0.572,6.6,1.6,2.6,0.5,0.2,0.8,118.5,105.4
Ousmane Dieng,OKC,F,27,10.9,1,0.476,0.367,0.534,3.7,1.6,1,0.1,0.3,0.3,114.4,106.2
Branden Carlson,OKC,C,33,10.8,0.529,0.671,0.345,0.602,4.9,2.5,0.6,0.2,0.5,0.4,119.4,102.7
Aaron Nesmith,IND,G-F,29,30.7,0.81,0.405,0.371,0.529,13.9,4.9,2.3,0.6,0.6,1.4,107.1,113.2
Pascal Siakam,IND,F,48,33.9,0.69,0.521,0.381,0.565,23.8,6.8,4,1.1,0.5,2.2,112.4,112.9
Isaiah Jackson,IND,F,38,16.8,0.689,0.585,0,0.615,6.4,5.6,0.8,0.7,0.8,1.1,119.9,100.7
Bennedict Mathurin,IND,G-F,28,31.8,0.884,0.48,0.372,0.589,17.8,5.4,2.3,0.6,0.1,2.3,109.9,112.8
Andrew Nembhard,IND,G-F,40,32,0.805,0.496,0.368,0.563,17.3,3,7.5,0.9,0.2,2.4,115.1,115.9
Obi Toppin,IND,F,3,27.4,1,0.632,0.176,0.526,14,6.7,1.7,1,0,2,100.2,110
Taelon Peter,IND,G,23,7.3,0.667,0.5,0.279,0.443,1.9,1,0.9,0.3,0.1,0.4,94.4,115.4
Ben Sheppard,IND,G,40,21.5,0.771,0.482,0.326,0.512,6.2,3.1,1.7,0.5,0.1,0.6,109.7,113.9
Jay Huff,IND,C,51,19.5,0.824,0.732,0.323,0.595,8.5,3.8,1.3,0.5,2,0.8,116.1,108.2
Jarace Walker,IND,F,51,23.7,0.778,0.432,0.365,0.528,10.1,4.3,2,0.8,0.3,1.6,99.7,113.1
Tony Bradley,IND,C-F,38,11,0.744,0.558,0.5,0.604,4,2.8,0.5,0.2,0.2,0.4,128.6,107.2
Johnny Furphy,IND,G,33,18.1,0.486,0.603,0.333,0.553,5.3,4.3,1.1,0.6,0.2,0.8,106.5,109
Cameron Johnson,DEN,F,28,30.6,0.81,0.496,0.429,0.604,11.7,3.6,2.4,0.6,0.3,1,121.6,115.1
Aaron Gordon,DEN,F,23,27.9,0.789,0.577,0.4,0.632,17.7,6.2,2.5,0.7,0.2,1,128.9,114
Nikola Jokic,DEN,C,35,34.1,0.847,0.664,0.445,0.713,29.1,12.1,10.5,1.4,0.7,3.6,140.8,107.4
Christian Braun,DEN,G,15,28.6,0.765,0.554,0.206,0.527,9.3,3.9,2.5,0.6,0.4,1.1,113,115
Jamal Murray,DEN,G,46,35.5,0.881,0.518,0.441,0.619,25.6,4.3,7.5,1,0.4,2.3,125.4,117.5
Tim Hardaway Jr.,DEN,G-F,50,27.2,0.886,0.529,0.403,0.62,13.8,2.6,1.4,0.5,0.2,0.5,124.5,118.5
Bruce Brown,DEN,G-F,51,24.5,0.779,0.506,0.338,0.543,7.5,4,2.2,1,0.3,1,114.2,110.2
Peyton Watson,DEN,G,48,30.6,0.73,0.539,0.425,0.605,15,4.9,2,1,1.2,1.8,113.6,112.2
Jonas Valanciunas,DEN,C,39,14.7,0.785,0.595,0.294,0.622,9.2,5.3,1.3,0.2,0.7,1.2,121.6,101.6
Spencer Jones,DEN,F,45,23.9,0.622,0.646,0.421,0.644,6.1,3.1,0.8,0.9,0.4,0.6,128.4,109.3
N'Faly Dante,ATL,C,4,3.9,1,0.25,0,0.338,0.8,1.8,0,0.5,0,0.3,0,0
Vit Krejci,ATL,G,46,22.3,0.75,0.6,0.423,0.637,9,2.1,1.5,0.8,0.3,0.7,120.5,110.9
Asa Newell,ATL,F,35,11.1,0.591,0.657,0.419,0.646,5.2,2.1,0.5,0.4,0.3,0.5,120.5,105.8
Jett Howard,ORL,G,30,10.8,0.944,0.458,0.35,0.533,4.8,1.4,0.8,0.1,0.1,0.2,115.5,112.4
Baylor Scheierman,BOS,G,45,13.6,0.8,0.531,0.407,0.6,3.3,2.3,0.8,0.6,0.1,0.4,123.5,106.3
Hugo Gonzalez,BOS,G,45,15.4,0.476,0.588,0.352,0.559,4,3.4,0.6,0.6,0.3,0.6,113.4,103.3
Jordan Walsh,BOS,G,45,18.4,0.762,0.63,0.388,0.632,5.6,4.3,0.8,0.8,0.5,0.5,134.3,102.9
Amari Williams,BOS,F-C,13,8.2,0.667,0.467,0,0.542,1.7,2.1,0.5,0.2,0.7,0.5,107.1,101.7
Josh Hart,NYK,G,39,30.6,0.737,0.581,0.405,0.614,12.3,7.6,5.1,1.2,0.3,2.1,123.9,106.2
Chaz Lanier,DET,G,18,9,1,0.444,0.333,0.517,3.1,0.9,0.7,0.3,0,0.1,121.6,114
Daniss Jenkins,DET,G,41,16.8,0.797,0.444,0.385,0.536,7.9,1.8,3.3,0.9,0.2,1.3,112.5,107.3
Keshad Johnson,MIA,F,21,7.6,0.765,0.471,0.304,0.512,3.1,1.9,0.1,0.2,0.2,0.4,103.3,106.2
Jahmir Young,MIA,G,7,5.1,1,0.444,0.333,0.486,2.1,0.4,0.9,0.1,0,0.3,104.6,108.1
PJ Hall,MEM,C,7,3.8,0.667,0.667,0.333,0.63,1.9,1.3,0.3,0,0.3,0.1,0,0
GG Jackson,MEM,F,28,17.1,0.725,0.635,0.268,0.557,8.1,3.3,1,0.6,0.6,1,105.9,107.9
Jose Alvarado,NOR,G,40,22,0.833,0.54,0.356,0.552,7.9,2.7,3.2,0.9,0.1,1.2,111.9,114.2
Rob Dillingham,MIN,G,35,9.3,0.75,0.324,0.364,0.404,3.5,1.2,1.7,0.5,0.1,1,84.8,104.8
Joan Beringer,MIN,F,24,7,0.6,0.667,0,0.668,3.1,2.1,0.3,0.1,0.4,0.3,139.1,101.6
Joe Ingles,MIN,F-G,16,4.2,1,0.5,0.4,0.635,0.6,0.3,0.8,0.4,0,0.4,105.1,105.8
Leonard Miller,MIN,F,19,5,0.636,0.81,0.083,0.581,2.3,1.3,0.3,0.2,0,0.5,104.1,101.7
Johnny Juzang,MIN,G,19,4,0.625,0.769,0.227,0.519,2.1,0.8,0.3,0.1,0,0.2,108.4,113.2
Dalton Knecht,LAL,F,40,11.7,0.722,0.631,0.313,0.548,4.6,1.5,0.4,0.2,0.2,0.4,106.3,113.7
Bronny James,LAL,G,27,6.8,0.8,0.4,0.375,0.498,1.9,0.4,1.1,0.4,0,0.4,104.5,114.1
Christian Koloko,LAL,C,2,3.2,0,0,0,0,0,0.5,0,0,0,0,0,0
Moses Moody,GOL,G,49,24.5,0.759,0.49,0.407,0.592,11.2,3.2,1.4,0.9,0.6,0.9,116.8,110.8
Trayce Jackson-Davis,GOL,F,36,11.4,0.558,0.584,1,0.601,4.2,3.1,0.9,0.4,0.5,0.5,127.3,106.9
Pat Spencer,GOL,G,35,13.9,0.821,0.422,0.4,0.51,5.3,2.1,2.9,0.6,0.1,1,111.5,111.2
Rayan Rupert,POR,G-F,43,12.2,0.643,0.42,0.27,0.427,2.7,1.8,0.7,0.7,0,0.5,94.5,109.5
Duop Reath,POR,C,32,8.1,0.833,0.526,0.418,0.613,2.9,1.2,0.3,0.2,0.3,0.2,124.8,110.3
Isaac Jones,SAC,F,3,5.6,0.5,1,0,0.521,1,0.7,0.3,0,0,0,146.5,104.6
Domantas Sabonis,SAC,F-C,18,30,0.712,0.597,0.185,0.589,15.4,11.2,4.2,0.9,0.2,2.8,115.1,107.6
Rasheer Fleming,PHO,F,29,6.5,0.727,0.5,0.214,0.427,2.4,1.3,0.2,0.2,0.2,0.2,98.9,107.7
Jordan Goodwin,PHO,G,48,21.8,0.711,0.466,0.356,0.514,8.8,4.9,2.3,1.5,0.2,1.1,114.2,107.7
Khaman Maluach,PHO,C,22,4.3,0.9,0.533,0,0.512,1.1,0.9,0.1,0,0.4,0.5,87.9,99.1
Julian Phillips,CHI,F,35,9.5,0.818,0.538,0.327,0.533,2.8,1.3,0.2,0.5,0.2,0.2,113.9,111.6
Jase Richardson,ORL,G,35,11.7,0.727,0.56,0.373,0.584,5.3,1.4,1.2,0.2,0.1,0.6,116.1,112.1
Jacob Toppin,ATL,F,5,3.4,0,0.667,0,0.667,1.6,0.4,0.2,0,0.2,0,0,0
Caleb Houstan,ATL,G,10,4.9,1,0.333,0.5,0.705,2.3,0.5,0.2,0.1,0.1,0.4,118.1,111.7
Mason Plumlee,CHA,F-C,14,8.9,0.667,0.75,0,0.752,1.9,2.9,1.1,0.4,0,0.6,128.4,106.1
James Wiseman,IND,C,4,14.6,0.5,0.6,0,0.597,3.3,2,0.8,0,0.3,1.3,99,107.2
RayJ Dennis,IND,G,13,12.9,0.889,0.294,0.316,0.421,4.9,1.6,2,0.2,0.3,1.1,90.8,113.7
Isaiah Livers,PHO,F,28,10.4,0.7,0.588,0.343,0.559,2.3,2,0.7,0.4,0.3,0.4,116.2,108.2
Jalen Pickett,DEN,G,36,18.3,0.909,0.477,0.376,0.537,5.7,2.8,2.8,0.4,0.1,0.8,115.3,116.2
Julian Strawther,DEN,G,28,12,0.8,0.524,0.271,0.539,5,1.8,1,0.4,0.1,0.4,112,112.4
Zeke Nnaji,DEN,F-C,38,13.1,0.825,0.598,0.275,0.587,4.3,2.8,0.6,0.3,0.5,0.6,117.4,109.2
DaRon Holmes II,DEN,F,14,12.5,0.75,0.556,0.412,0.623,4.1,1.7,1.1,0,0.3,0.4,127,113.7
Mark Sears,MIL,G,7,3.7,0.75,0.4,0.5,0.666,3.1,0.3,0.3,0,0,0.6,0,0
De'Andre Hunter,CLE,F-G,43,26.2,0.869,0.535,0.308,0.553,14,4.2,2.1,0.7,0.2,1.7,108.9,109.3
Liam McNeeley,CHA,F,28,12.2,0.806,0.4,0.379,0.566,4.1,2.1,0.8,0.2,0.1,0.4,119.4,108.5
Pat Connaughton,CHA,G,22,7.1,0.615,0.611,0.407,0.621,2.9,1.4,0.6,0.2,0,0.1,134.7,114.8
Quenton Jackson,IND,G,24,15.3,0.763,0.531,0.38,0.599,7.8,1.8,1.8,0.7,0.2,1.1,114.5,110.9
Collin Murray-Boyles,TOR,F,40,22,0.644,0.577,0.341,0.582,7.7,5.1,2.1,0.9,0.8,1.2,120.9,104.6
Miles Kelly,DAL,G,11,8.5,0,0.667,0.292,0.483,2.6,1.5,0.6,0.3,0,0.4,100.2,106.1
Bogdan Bogdanovic,LAC,G,16,22.5,0.842,0.444,0.333,0.511,8,2.9,2.7,0.5,0.1,1.2,105.7,109.7
Chris Manon,LAL,G,4,3.4,0,0,0,0,0,0.8,0,0.3,0.5,0,0,0
Devin Carter,SAC,G,15,9,1,0.4,0.273,0.473,3.3,1.5,1.1,0.5,0.1,0.7,97.8,113.3
Luke Travers,CLE,F,12,8.6,1,0.4,0.063,0.35,2.3,2,0.8,0.6,0.3,0.3,95.8,110.7
Thomas Bryant,CLE,C-F,35,9.9,0.813,0.678,0.365,0.643,5,2.6,0.6,0.2,0.4,0.4,127.9,105.1
Colby Jones,DET,G,1,6.8,0,1,0,0.333,2,4,2,0,0,0,105.4,85.5
Bobi Klintman,DET,F,8,7.5,0,0.364,0.273,0.364,2.1,2.1,0.5,0.3,0,0.6,79.6,94.8
Tolu Smith,DET,F,5,10.9,0.8,0.467,0,0.602,5.2,5.6,0.8,0.4,1,0.8,128.6,94.3
Noah Penda,ORL,G-F,34,14,0.622,0.453,0.387,0.527,5.1,3.9,1.2,0.6,0.4,0.8,111.9,106.7
Eric Gordon,PHI,G,6,12.3,0.5,0.571,0.571,0.754,5.5,0.3,0.5,0.7,0.2,0.5,130.4,117.4
Hunter Sallis,PHI,G,7,3.7,0.5,0.6,0,0.595,1,0.1,0.6,0,0.1,0.7,0,0
Tyson Etienne,BRO,G,8,4.3,0,0,0.308,0.4,1.5,0,0.1,0,0,0.1,81.3,111.9
E.J. Liddell,BRO,F,10,4.9,0.667,0.667,0.364,0.6,2.2,1.1,0,0.1,0,0,127.5,113
JD Davison,HOU,G,21,6.9,0.556,0.444,0.286,0.454,1.9,0.7,1,0.2,0.2,0.2,110.4,109.9
Aaron Holiday,HOU,G,33,13.5,0.848,0.426,0.387,0.57,5.8,0.8,0.9,0.5,0.1,0.6,117.8,108.4
Jae'Sean Tate,HOU,F,30,8.2,0.8,0.596,0.333,0.577,2.7,1.5,0.5,0.2,0.1,0.3,126.3,103.4
Jeff Green,HOU,F,16,4.3,0,0.5,0.444,0.615,2,0.5,0.1,0,0.1,0.1,131.1,111.8
Ron Harper Jr.,BOS,G-F,7,5,0,0.5,0.25,0.406,1.9,0.9,0.6,0.1,0.4,0.1,105.1,110.7
DeAndre Jordan,NOR,C,2,11.7,0.5,0.8,0,0.765,4.5,5,0,0,0,0.5,144.5,116.7
Micah Peavy,NOR,G-F,43,15.7,0.733,0.473,0.25,0.447,4.6,2.1,1.1,0.7,0.1,0.3,105.6,113.4
Karlo Matkovic,NOR,F-C,39,12.9,0.533,0.709,0.413,0.675,4.8,3.1,0.7,0.4,0.8,0.5,127.9,108.7
Bryce McGowens,NOR,G,29,19.4,0.761,0.5,0.436,0.606,7.6,2,1.3,0.6,0.1,0.5,124.5,114.9
Ja'Kobe Walter,TOR,G,41,17.9,0.8,0.577,0.346,0.572,6.2,2.1,0.9,0.9,0.1,0.5,116.5,106.2
Hunter Tyson,DEN,F,21,7.7,0.846,0.368,0.212,0.398,2.2,1.7,0.8,0.1,0,0.2,95.7,111.4
Caleb Love,POR,G,43,22.3,0.735,0.495,0.321,0.503,11.1,2.7,2.6,0.6,0.1,1.3,106,116.7
Sidy Cissoko,POR,G,46,21.9,0.69,0.544,0.333,0.547,6.5,2.4,1.5,0.7,0.3,1.1,110.8,109.6
Nick Smith Jr.,LAL,G,24,12.6,0.636,0.456,0.397,0.539,5.8,0.8,1.1,0.4,0.1,0.8,103,114.6
Trendon Watford,PHI,G-F,28,15.6,0.711,0.528,0.4,0.572,6,3.4,2.6,0.3,0.3,1,118.7,105
Jamir Watkins,WAS,F,23,15.6,0.773,0.588,0.233,0.502,3.8,3.6,0.7,0.8,0.4,0.6,106.4,106.7
Myron Gardner,MIA,F,22,9,0.722,0.581,0.4,0.616,4.1,2.7,0.8,0.5,0.2,0.1,137.1,94.6
Mohamed Diawara,NYK,F,40,5.4,0.5,0.455,0.409,0.546,2.2,1,0.5,0.2,0.1,0.3,109.7,106.1
Jahmyl Telfort,LAC,G,8,4,0.25,0,0,0.087,0.1,0.4,0.1,0.1,0,0.1,26.7,104.7
Elijah Harkless,UTA,G,7,9.4,0.778,0.5,0.286,0.568,2.4,0.9,0.7,0.6,0,0.4,114.1,111
Mac McClung,IND,G,3,11.3,0.75,0.625,0.2,0.481,6.3,1.3,0.3,1.7,0.3,0.7,89.5,96
Orlando Robinson,ORL,C,4,6.2,0,0.667,0.5,0.7,1.8,1,0.8,0.3,0,0,167.7,107.2
Bilal Coulibaly,WAS,G,30,26.3,0.765,0.486,0.263,0.512,9.7,4.6,2.5,1.4,0.9,1.4,106.3,113.6
Isaiah Joe,OKC,G,42,20.3,0.866,0.611,0.402,0.639,9.9,2.4,1.4,0.5,0.2,0.6,125.7,104.6
Mitchell Robinson,NYK,C-F,35,19.8,0.382,0.673,0,0.629,4.7,9.1,1,0.9,1.1,0.7,148.9,101.7
Vince Williams Jr.,MEM,G,34,21.6,0.804,0.419,0.308,0.478,8,4,4.4,0.8,0.4,1.9,103.2,108.2
Kyle Anderson,UTA,F-G,20,20.1,0.658,0.519,0.6,0.565,7.1,3.3,3.1,1.2,0.5,0.9,121.5,113.5
Robert Williams III,POR,C-F,35,16.4,0.731,0.797,0.308,0.769,6.3,6.5,1.1,0.7,1.4,0.7,145.7,107.3
Daniel Gafford,DAL,F-C,34,21.1,0.756,0.631,0,0.671,8.1,6.6,0.9,0.7,1.3,1.3,125.8,103
Jeremiah Robinson-Earl,IND,F,17,17.6,0.929,0.42,0.242,0.443,4.6,5.2,0.7,0.4,0.1,0.6,104.7,112.2
Kevon Looney,NOR,F,17,13.9,0.625,0.5,0.111,0.455,2.7,5.1,1.5,0.4,0.5,0.5,124.5,107.9
Johni Broome,PHI,F,9,4.8,0.5,0.235,0,0.23,1.1,1.4,0.4,0.2,0,0.2,73.4,104.8
Kyle Lowry,PHI,G,6,7.4,0,0,0.25,0.375,1,0.5,1.2,0.2,0,0.3,93.9,114.5
Kevin Love,UTA,F-C,27,17.5,0.818,0.479,0.346,0.543,6.8,5.8,1.8,0.3,0.3,0.8,118.6,113.9
KJ Simpson,CHA,G,14,15.9,0.625,0.38,0.308,0.437,6,2.1,2.5,1.1,0,1.7,89.6,110.3
Jevon Carter,CHI,G,23,11.1,1,0.36,0.41,0.577,5.4,1.1,0.8,0.6,0.1,0.5,111,113.9
Pacome Dadiet,NYK,F,18,3.2,1,0.5,0,0.372,0.4,0.6,0.4,0.1,0,0,0,0
Koby Brea,PHO,G,2,3.9,1,1,0,0.515,2,0.5,1,0,0,0,0,0
Danny Wolf,BRO,F,35,19.9,0.804,0.458,0.314,0.498,7.7,4.5,1.9,0.6,0.4,1.1,104.9,110.6
Malaki Branham,WAS,F,28,9.8,0.824,0.537,0.378,0.604,4.6,1.6,0.8,0.4,0.1,0.5,119,118.1
Charles Bassey,MEM,C-F,2,15.3,0.333,0.375,0,0.376,3.5,7.5,1,0.5,0.5,0.5,111.7,97.2
Jared McCain,PHI,G,37,16.8,0.88,0.393,0.378,0.506,6.6,2,1.7,0.6,0.1,0.8,104.1,112.1
Darius Garland,CLE,G,26,30.5,0.861,0.521,0.36,0.567,18,2.4,6.9,0.8,0.1,2.8,113.9,115.5
Nae'Qwan Tomlin,CLE,F,40,17.1,0.735,0.65,0.215,0.558,6.6,3.2,0.9,0.8,0.6,0.4,123.4,106.8
Cody Martin,IND,F,4,13.8,0.5,0.4,0,0.277,1.8,3.5,0.5,1,0.5,1,54.8,106.4
Kelly Olynyk,SAN,F-C,28,9.5,0.667,0.735,0.237,0.569,3.5,1.9,1.3,0.5,0,0.6,118.4,101.5
Jeremy Sochan,SAN,F,27,13.1,0.688,0.609,0.257,0.547,4.3,2.7,1,0.4,0.1,0.7,112.7,100.8
Lindy Waters III,SAN,F,28,6.8,1,0.571,0.319,0.496,1.9,0.8,0.4,0.1,0,0.1,104.9,107.7
Precious Achiuwa,SAC,F,44,20.7,0.529,0.544,0.314,0.537,7.3,5.6,1.2,0.8,0.5,0.7,116.2,114.5
Jalen Green,PHO,G,5,13.9,0.778,0.45,0.423,0.58,11.6,2.2,1.8,0.6,0,1.4,111.6,112
Isaiah Collier,UTA,G,43,24.4,0.679,0.561,0.292,0.572,9.6,2.6,7,0.9,0.3,2.3,114.7,118
Maxi Kleber,LAL,F,24,10.3,0.75,0.44,0.235,0.469,1.9,1.7,0.6,0.3,0.2,0.3,113.3,108.5
De'Aaron Fox,SAN,G,40,32.5,0.788,0.557,0.353,0.582,19.8,4.1,6.2,1.2,0.3,2.5,116.2,108.6
Monte Morris,IND,G,6,10.8,0.5,0.417,0.25,0.414,3,1.2,1.5,0.2,0.2,0.3,96.7,118.7
T.J. McConnell,IND,G,37,17.1,0.933,0.553,0.324,0.556,9.5,2.2,4.8,1.2,0.2,1.2,117,112.5
Pete Nance,MIL,F,18,9.6,0,0.692,0.483,0.709,4.3,2,0.4,0.3,0.2,0.4,128,113.2
Wendell Moore Jr.,DET,G,3,14.4,0,0.6,0,0.5,2,1.3,1,0.7,0.3,0.3,110.6,114.6
Daeqwon Plowden,SAC,G-F,3,15.2,0,0.667,0,0.182,1.3,2.7,0.3,0,0.3,0,65.5,124.9
Doug McDermott,SAC,F,8,9.5,0,0,0.375,0.563,3.4,0.6,0.3,0,0.1,0.4,100.4,121.4
Jordan Miller,LAC,G,28,19.3,0.789,0.628,0.379,0.655,9.6,3.3,1.5,0.8,0.2,1.1,126.3,115.4
Garrett Temple,TOR,G-F,13,2.8,0.5,0,0.2,0.254,0.3,0.3,0.3,0.2,0.1,0.2,0,0
Jamal Cain,ORL,F,18,7,0.833,0.474,0.278,0.534,2.7,0.7,0.3,0.2,0.1,0.3,109.8,102.9
Antonio Reeves,CHA,G,7,8,0,0.5,0.5,0.656,3,0.7,0.3,0.1,0,0,140.5,115.6
Zach Edey,MEM,C,11,25.8,0.781,0.656,0.2,0.669,13.6,11.1,1.1,0.6,1.9,2.4,120.2,100.7
Adou Thiero,LAL,G,15,5.8,0.75,0.412,0,0.465,1.3,1.2,0.3,0.3,0.1,0.3,106.3,100.9
Coby White,CHI,G,29,29.1,0.805,0.541,0.346,0.586,18.6,3.7,4.7,0.7,0.1,3,108.3,113.5
Isaac Jones,DET,F,1,1.3,0,1,0,0.5,2,0,0,0,0,0,0,0
Paul George,PHI,F,27,30.5,0.855,0.464,0.382,0.556,16,5.2,3.7,1.5,0.5,1.6,114,109.6
Drew Peterson,CHA,F,6,10.7,0.5,0.5,0,0.148,0.8,1.5,0.3,0.5,0.2,0,57.5,114
LeBron James,LAL,F,32,33,0.736,0.582,0.322,0.591,22,5.7,6.6,1.2,0.6,2.8,118,115.3
Jamaree Bouyea,PHO,G,25,15.3,0.667,0.609,0.34,0.584,7,1.9,1.6,0.7,0.4,0.6,122.1,113.5
Javonte Cooke,POR,G,12,6,1,0.385,0.188,0.351,1.8,0.8,0.6,0.5,0,0.5,77.5,114
Keegan Murray,SAC,F,19,35.9,0.789,0.515,0.272,0.502,14.6,6.1,1.5,1.2,1.6,1.2,104.1,118.9
Jahmai Mashack,MEM,G,7,3.5,0,0,0.333,0.375,0.9,0.7,0.3,0.1,0,0.4,0,0
Garrison Mathews,IND,G,15,13.1,0.826,0.667,0.37,0.628,5.2,1.1,0.7,0.4,0.2,0.2,128.6,112.8
Noa Essengue,CHI,F,2,3,0,0,0,0,0,0,0,0.5,0,0,0,0
Jaden Ivey,DET,G,33,16.8,0.789,0.533,0.372,0.57,8.2,2.2,1.6,0.5,0.4,1.1,112.3,108.5
Chris Livingston,CLE,F,3,5.8,1,1,0,0.605,3,1,0.3,0.3,0,0,128.8,91.5
Tosan Evbuomwan,NYK,F,5,1.5,0,0,0,0,0,0.4,0,0,0,0,0,0
Tyler Herro,MIA,G,11,31.7,0.902,0.579,0.358,0.605,21.9,4.7,2.7,1,0.5,1.5,117.2,110.7
Isaiah Crawford,HOU,F,3,2.3,0,0,0,0,0,0,0,0,0,0,0,0
Drew Timme,LAL,F,16,8,0.667,0.667,0.357,0.623,3.1,1.3,0.9,0.3,0,0.3,129.2,112.8
Kenrich Williams,OKC,G-F,31,15.7,0.654,0.65,0.356,0.605,6.4,3.3,1.6,0.6,0.1,0.6,124,103.3
Jalen Williams,OKC,G-F,24,29.6,0.833,0.507,0.3,0.542,16.8,4.8,5.6,1.3,0.4,2,112.6,103.7
Lachlan Olbrich,CHI,C,14,7.8,0.4,0.455,0.167,0.397,1.2,2.6,0.8,0.1,0.1,0.3,109.8,98.1
Emanuel Miller,CHI,F,5,6.6,0.5,0.571,0.333,0.54,3,0.6,0.8,0.4,0,0,123.7,115.6
Curtis Jones,DEN,G,6,5.1,0,0.6,0.111,0.321,1.5,0.8,0.5,0,0,0.2,78.9,112.4
Chucky Hepburn,TOR,G,2,6.6,0,0,0,0,0,0.5,1,0.5,0,0.5,19.3,100.2
Trey Alexander,NOR,G,5,8.3,0,0.667,0.667,0.778,2.8,0.8,1,0.2,0.2,0.2,148.2,114.9
Kasparas Jakucionis,MIA,G,26,15.8,0.87,0.237,0.393,0.504,4.2,2.3,2.3,0.7,0,0.9,110.1,104.9
Ethan Thompson,IND,G,21,15.5,0.688,0.517,0.3,0.495,4.5,1.7,1.4,0.5,0.3,0.6,104.8,110
Seth Curry,GOL,G,2,16.1,0,0.8,0.5,0.778,7,2,1.5,1,0,0,164,107.8
Trentyn Flowers,CHI,F,2,2.8,0,1,0,0.667,2,0.5,0.5,0,0,0.5,0,0
De'Anthony Melton,GOL,G,24,21.3,0.81,0.548,0.287,0.536,11.6,2.9,2.3,1.5,0.5,1.6,104.3,105
Zach Collins,CHI,F-C,10,18.4,0.7,0.651,0.429,0.666,9.7,5.6,1.5,0.2,0.4,1,128.3,110
Marcus Sasser,DET,G,14,10,0.909,0.571,0.41,0.632,5.9,0.9,1.9,0.7,0.1,0.6,129.6,104.9
A.J. Lawson,TOR,G,11,9.7,1,0.421,0.364,0.545,4.5,2,0.3,0.4,0.3,0.4,112.2,101.3
Alijah Martin,TOR,G,10,8.8,0.833,0.467,0.182,0.48,3,1.2,0.8,0.5,0.3,0.3,111.7,107
Kevin McCullar Jr.,NYK,G,12,7.3,0.4,0.444,0.429,0.556,2.3,1.7,1.3,0.3,0,0.7,113,99.2
Josh Green,CHA,G,27,15.7,0.818,0.52,0.394,0.59,4.2,2,1,0.5,0.1,0.6,121.1,113.3
Brandon Clarke,MEM,F,2,10.2,0.5,0.333,0,0.372,4,3,0.5,1,0,0,105.2,89.9
RayJ Dennis,LAC,G,1,3.5,0,0,0,0,0,2,0,0,0,1,0,0
Vladislav Goldin,MIA,C,2,4.2,0,1,0,1,2,0.5,1,0,0.5,0,208.1,81.5
Christian Koloko,MEM,C,11,17.7,0.25,0.412,0,0.394,2.6,4,0.9,0.9,1.2,0.6,99.6,106.9
Kam Jones,IND,G,14,8.8,0.5,0.478,0.214,0.426,2.4,1.1,1.4,0.2,0,0.3,102.2,119
Dorian Finney-Smith,HOU,F,17,15.5,1,0.5,0.256,0.437,2.9,2.5,0.6,0.4,0.2,0.5,102.2,107.5
Micah Potter,IND,C,18,17.2,0.906,0.571,0.357,0.617,6.7,3.8,1.4,0.4,0.3,0.7,123,110.7
PJ Hall,CHA,C,8,15.9,0.706,0.576,1,0.659,7,5.4,0.6,0.1,0.9,1.3,124.3,107.8
Mo Bamba,TOR,C,2,3,0,0,0,0,0,1,0,0,0.5,0,0,0
Oscar Tshiebwe,UTA,F-C,1,14.8,0,0.25,0,0.225,2,6,1,1,0,0,88.1,106.2
Grant Williams,CHA,F,10,17.7,0.769,0.6,0.263,0.494,5.8,4,1.1,0.5,0.2,0.6,111,110.7
Moritz Wagner,ORL,F-C,9,10.3,0.929,0.444,0.455,0.607,7.4,2.4,0.3,0.4,0,0.7,114.5,100.7
CJ McCollum,ATL,G,12,27.5,0.645,0.536,0.373,0.558,18.7,3.5,3.3,0.8,0.5,1.8,106.9,115.5
Corey Kispert,ATL,F,12,20.2,0.842,0.548,0.345,0.565,9.9,2.2,1.7,0.5,0.1,0.8,110.8,119.1
Kobe Bufkin,LAL,G,4,11.3,1,0.5,0.286,0.505,3,1.3,0.5,0.3,0.8,0.3,108.9,115.3
Jeremiah Robinson-Earl,DAL,F,5,12.2,1,0.667,0.25,0.586,4.4,3,0.6,0.4,0,0.4,121.8,110.9
TyTy Washington Jr.,LAC,G,2,11,0,0.8,0.5,0.778,7,0.5,1.5,1,0.5,0,161.3,120.6
RayJ Dennis,ATL,G,1,4.9,0,0,0,0,0,0,4,1,0,0,134.3,93
Malevy Leons,GOL,F,5,4.2,1,0.5,0,0.436,1.2,1.8,0.2,0.2,0,0.4,89,106
LJ Cryer,GOL,G,3,2.6,0,0,0.5,0.6,2,0.3,0,0,0,0,0,0
Patrick Baldwin Jr.,LAC,F,2,6.1,1,1,0.667,1.025,5,0.5,0,0,0,0.5,150.6,106
Christian Koloko,ATL,C,7,15.1,1,0.524,0.25,0.522,3.9,3,0.6,0.3,1,0.7,103.2,99.6
Skal Labissiere,WAS,F-C,3,12.5,0,1,0.2,0.65,4.3,3,1,0.7,0.3,0.3,135.4,115.2
Dillon Jones,NYK,F,3,4.8,0,0,0.5,0.5,1,1,0.3,0.3,0,0,136.8,100.2
Isaiah Stevens,SAC,G,2,11.3,1,0,0,0.532,2,1,3,1.5,0,0,164.6,117.2
Yuki Kawamura,CHI,G,3,21.3,1,0.5,0.273,0.543,5.7,4.7,5,1.3,0,0.3,142.8,111.7
Ty Jerome,MEM,G-F,2,20,0.846,0.8,0.333,0.703,19.5,3.5,7,1,0,2.5,137.3,104.8
Stanley Umude,SAN,G,1,2.2,0,0,0,0,0,0,0,0,0,0,0,0
Tristan Enaruna,CLE,F,1,2.6,0,1,0,1,2,2,1,0,0,0,0,0
Vit Krejci,POR,G,1,13.6,0,1,0.167,0.357,5,0,1,2,0,0,89.4,110.9
